areaCode,areaName,areaType,date,hospitalCases,newAdmissions,newCasesByPublishDate,newPeopleVaccinatedFirstDoseByPublishDate,newPeopleVaccinatedSecondDoseByPublishDate
K02000001,United Kingdom,overview,2021-10-20,,,49139,,
K02000001,United Kingdom,overview,2021-10-19,7891,,43738,42902,32767
K02000001,United Kingdom,overview,2021-10-18,7767,,49156,39672,23579
K02000001,United Kingdom,overview,2021-10-17,7407,,45140,17837,17265
K02000001,United Kingdom,overview,2021-10-16,7142,869,43423,28999,33483
K02000001,United Kingdom,overview,2021-10-15,7120,935,44932,40763,29432
K02000001,United Kingdom,overview,2021-10-14,7115,893,45066,43489,27991
K02000001,United Kingdom,overview,2021-10-13,7065,907,42776,38726,29481
K02000001,United Kingdom,overview,2021-10-12,7057,920,38520,36847,26946
K02000001,United Kingdom,overview,2021-10-11,7040,830,40224,29172,23632
K02000001,United Kingdom,overview,2021-10-10,6891,720,34574,22106,19451
K02000001,United Kingdom,overview,2021-10-09,6722,758,34950,31395,33477
K02000001,United Kingdom,overview,2021-10-08,6780,780,41765,31685,29068
K02000001,United Kingdom,overview,2021-10-07,6804,805,40701,33029,28656
K02000001,United Kingdom,overview,2021-10-06,6860,774,39851,32828,28576
K02000001,United Kingdom,overview,2021-10-05,6875,830,33869,41347,28572
K02000001,United Kingdom,overview,2021-10-04,6800,799,35077,37671,29337
K02000001,United Kingdom,overview,2021-10-03,6611,716,30439,24123,21532
K02000001,United Kingdom,overview,2021-10-02,6455,693,30301,31066,34391
K02000001,United Kingdom,overview,2021-10-01,6604,687,35577,38180,34289
K02000001,United Kingdom,overview,2021-09-30,6774,692,36480,34372,34459
K02000001,United Kingdom,overview,2021-09-29,6920,801,36722,31539,34093
K02000001,United Kingdom,overview,2021-09-28,7035,769,34526,31853,33532
K02000001,United Kingdom,overview,2021-09-27,7054,779,37960,24919,33177
K02000001,United Kingdom,overview,2021-09-26,6822,666,32417,15984,25539
K02000001,United Kingdom,overview,2021-09-25,6962,668,32468,24296,47118
K02000001,United Kingdom,overview,2021-09-24,6918,723,35623,27617,44759
K02000001,United Kingdom,overview,2021-09-23,7170,772,36710,25083,44588
K02000001,United Kingdom,overview,2021-09-22,7420,753,34460,22679,44047
K02000001,United Kingdom,overview,2021-09-21,7628,800,31564,20384,43406
K02000001,United Kingdom,overview,2021-09-20,7800,810,36100,20150,46342
K02000001,United Kingdom,overview,2021-09-19,7748,728,29612,13840,35157
K02000001,United Kingdom,overview,2021-09-18,7697,759,30144,26198,72497
K02000001,United Kingdom,overview,2021-09-17,7907,753,32651,20778,60384
K02000001,United Kingdom,overview,2021-09-16,8114,889,26911,23051,63973
K02000001,United Kingdom,overview,2021-09-15,8398,947,30597,24402,63290
K02000001,United Kingdom,overview,2021-09-14,8394,945,26628,17645,66725
K02000001,United Kingdom,overview,2021-09-13,8473,936,30825,19428,60653
K02000001,United Kingdom,overview,2021-09-12,8250,862,29173,14955,52615
K02000001,United Kingdom,overview,2021-09-11,8140,851,29547,27913,98059
K02000001,United Kingdom,overview,2021-09-10,8312,921,37622,26064,91811
K02000001,United Kingdom,overview,2021-09-09,8141,1032,38013,25774,96702
K02000001,United Kingdom,overview,2021-09-08,8132,1162,38975,25131,87960
K02000001,United Kingdom,overview,2021-09-07,7977,1102,37489,26624,85848
K02000001,United Kingdom,overview,2021-09-06,8034,1077,41192,22698,80015
K02000001,United Kingdom,overview,2021-09-05,7748,879,37011,21795,73193
K02000001,United Kingdom,overview,2021-09-04,7552,949,37578,41054,128553
K02000001,United Kingdom,overview,2021-09-03,7667,927,42076,35266,110590
K02000001,United Kingdom,overview,2021-09-02,7618,1001,38154,40002,119375
K02000001,United Kingdom,overview,2021-09-01,7678,1077,35693,44088,113385
K02000001,United Kingdom,overview,2021-08-31,7675,997,32181,39899,119402
K02000001,United Kingdom,overview,2021-08-30,7336,997,26476,19643,66648
K02000001,United Kingdom,overview,2021-08-29,7107,852,33196,24390,79440
K02000001,United Kingdom,overview,2021-08-28,6976,860,32406,43271,133688
K02000001,United Kingdom,overview,2021-08-27,7081,939,38046,44937,131456
K02000001,United Kingdom,overview,2021-08-26,7029,952,38281,55140,144936
K02000001,United Kingdom,overview,2021-08-25,6983,1031,35847,68076,161705
K02000001,United Kingdom,overview,2021-08-24,6959,998,30838,55410,130676
K02000001,United Kingdom,overview,2021-08-23,7017,966,31914,46401,131283
K02000001,United Kingdom,overview,2021-08-22,6747,832,32253,40345,116352
K02000001,United Kingdom,overview,2021-08-21,6529,871,32058,73006,194881
K02000001,United Kingdom,overview,2021-08-20,6518,869,37314,60885,167392
K02000001,United Kingdom,overview,2021-08-19,6507,944,36572,55979,175059
K02000001,United Kingdom,overview,2021-08-18,6464,909,33904,47284,169223
K02000001,United Kingdom,overview,2021-08-17,6406,967,26852,43824,145875
K02000001,United Kingdom,overview,2021-08-16,6382,870,28438,35716,138390
K02000001,United Kingdom,overview,2021-08-15,6045,808,26750,31257,126383
K02000001,United Kingdom,overview,2021-08-14,5882,787,29520,46603,199584
K02000001,United Kingdom,overview,2021-08-13,5986,787,32700,40490,171585
K02000001,United Kingdom,overview,2021-08-12,5958,860,33074,44384,192559
K02000001,United Kingdom,overview,2021-08-11,6003,847,29612,41568,173761
K02000001,United Kingdom,overview,2021-08-10,6019,891,23510,37511,151143
K02000001,United Kingdom,overview,2021-08-09,6017,755,25161,32250,137028
K02000001,United Kingdom,overview,2021-08-08,5856,744,27429,22843,122070
K02000001,United Kingdom,overview,2021-08-07,5702,727,28612,37990,213583
K02000001,United Kingdom,overview,2021-08-06,5751,779,31808,36976,168356
K02000001,United Kingdom,overview,2021-08-05,5754,811,30215,35500,172692
K02000001,United Kingdom,overview,2021-08-04,5791,835,29312,33334,165669
K02000001,United Kingdom,overview,2021-08-03,6005,764,21691,29290,142761
K02000001,United Kingdom,overview,2021-08-02,6214,785,21952,26092,126192
K02000001,United Kingdom,overview,2021-08-01,5981,740,24470,21232,118044
K02000001,United Kingdom,overview,2021-07-31,5957,674,26144,38826,212014
K02000001,United Kingdom,overview,2021-07-30,6018,746,29622,36724,171096
K02000001,United Kingdom,overview,2021-07-29,5985,837,31117,42353,179918
K02000001,United Kingdom,overview,2021-07-28,6106,851,27734,43847,171173
K02000001,United Kingdom,overview,2021-07-27,6095,916,23511,35402,151650
K02000001,United Kingdom,overview,2021-07-26,6003,939,24950,30019,148936
K02000001,United Kingdom,overview,2021-07-25,5646,941,29173,24551,117956
K02000001,United Kingdom,overview,2021-07-24,5377,827,31795,43805,203886
K02000001,United Kingdom,overview,2021-07-23,5310,864,36389,42974,189341
K02000001,United Kingdom,overview,2021-07-22,5100,954,39906,44036,188297
K02000001,United Kingdom,overview,2021-07-21,4928,928,44104,45101,183338
K02000001,United Kingdom,overview,2021-07-20,4740,936,46558,39035,161279
K02000001,United Kingdom,overview,2021-07-19,4649,874,39950,35670,143560
K02000001,United Kingdom,overview,2021-07-18,4345,799,48161,18186,128878
K02000001,United Kingdom,overview,2021-07-17,4229,709,54674,67217,225214
K02000001,United Kingdom,overview,2021-07-16,4149,700,51870,69491,202314
K02000001,United Kingdom,overview,2021-07-15,4036,772,48553,61681,201893
K02000001,United Kingdom,overview,2021-07-14,3855,756,42302,60374,185661
K02000001,United Kingdom,overview,2021-07-13,3672,751,36660,59073,158276
K02000001,United Kingdom,overview,2021-07-12,3457,732,34471,54296,125360
K02000001,United Kingdom,overview,2021-07-11,3181,593,31772,42000,107620
K02000001,United Kingdom,overview,2021-07-10,3035,552,32367,93763,211446
K02000001,United Kingdom,overview,2021-07-09,2938,556,35707,90083,178819
K02000001,United Kingdom,overview,2021-07-08,2767,606,32551,96430,175467
K02000001,United Kingdom,overview,2021-07-07,2680,569,32548,86953,171477
K02000001,United Kingdom,overview,2021-07-06,2485,574,28773,85811,153126
K02000001,United Kingdom,overview,2021-07-05,2363,517,27334,76962,147814
K02000001,United Kingdom,overview,2021-07-04,2177,465,24248,77222,111410
K02000001,United Kingdom,overview,2021-07-03,2057,392,24885,137389,196209
K02000001,United Kingdom,overview,2021-07-02,2013,390,27125,123605,177478
K02000001,United Kingdom,overview,2021-07-01,1936,372,27989,152525,193066
K02000001,United Kingdom,overview,2021-06-30,1826,416,26068,141216,175749
K02000001,United Kingdom,overview,2021-06-29,1747,368,20479,137991,150688
K02000001,United Kingdom,overview,2021-06-28,1744,310,22868,127260,138016
K02000001,United Kingdom,overview,2021-06-27,1606,267,14876,139712,123555
K02000001,United Kingdom,overview,2021-06-26,1545,267,18270,234441,199505
K02000001,United Kingdom,overview,2021-06-25,1538,255,15810,202497,174770
K02000001,United Kingdom,overview,2021-06-24,1517,255,16703,221534,177813
K02000001,United Kingdom,overview,2021-06-23,1496,277,16135,207647,167988
K02000001,United Kingdom,overview,2021-06-22,1542,238,11625,299837,250875
K02000001,United Kingdom,overview,2021-06-21,1519,228,10633,21080,39325
K02000001,United Kingdom,overview,2021-06-20,1385,206,9284,163750,109408
K02000001,United Kingdom,overview,2021-06-19,1350,212,10321,280241,236363
K02000001,United Kingdom,overview,2021-06-18,1365,238,10476,223140,205677
K02000001,United Kingdom,overview,2021-06-17,1323,242,11007,243978,223260
K02000001,United Kingdom,overview,2021-06-16,1258,229,9055,195565,234834
K02000001,United Kingdom,overview,2021-06-15,1233,232,7673,190033,230666
K02000001,United Kingdom,overview,2021-06-14,1182,228,7742,132627,235928
K02000001,United Kingdom,overview,2021-06-13,1141,222,7490,147228,181121
K02000001,United Kingdom,overview,2021-06-12,1106,177,7738,254185,320326
K02000001,United Kingdom,overview,2021-06-11,1077,179,8125,208531,307192
K02000001,United Kingdom,overview,2021-06-10,1095,201,7393,201607,308038
K02000001,United Kingdom,overview,2021-06-09,1064,193,7540,176559,316258
K02000001,United Kingdom,overview,2021-06-08,1057,190,6048,136802,313482
K02000001,United Kingdom,overview,2021-06-07,1035,175,5683,112941,306068
K02000001,United Kingdom,overview,2021-06-06,964,154,5341,127345,259941
K02000001,United Kingdom,overview,2021-06-05,938,126,5765,203613,473378
K02000001,United Kingdom,overview,2021-06-04,965,123,6238,179924,388031
K02000001,United Kingdom,overview,2021-06-03,938,126,5274,191266,377641
K02000001,United Kingdom,overview,2021-06-02,961,128,4330,172763,349019
K02000001,United Kingdom,overview,2021-06-01,930,154,3165,108507,338565
K02000001,United Kingdom,overview,2021-05-31,929,124,3383,93103,195546
K02000001,United Kingdom,overview,2021-05-30,907,112,3240,124887,206322
K02000001,United Kingdom,overview,2021-05-29,887,104,3398,183526,418848
K02000001,United Kingdom,overview,2021-05-28,886,140,4182,204442,435951
K02000001,United Kingdom,overview,2021-05-27,872,127,3542,256517,434096
K02000001,United Kingdom,overview,2021-05-26,895,132,3180,236119,427458
K02000001,United Kingdom,overview,2021-05-25,921,133,2493,186147,387987
K02000001,United Kingdom,overview,2021-05-24,960,139,2439,122379,332955
K02000001,United Kingdom,overview,2021-05-23,924,114,2235,126357,252139
K02000001,United Kingdom,overview,2021-05-22,887,120,2694,205410,556951
K02000001,United Kingdom,overview,2021-05-21,922,124,2829,219657,426683
K02000001,United Kingdom,overview,2021-05-20,912,132,2874,268251,420312
K02000001,United Kingdom,overview,2021-05-19,918,127,2696,264858,369018
K02000001,United Kingdom,overview,2021-05-18,898,128,2412,174100,324001
K02000001,United Kingdom,overview,2021-05-17,943,102,1979,106733,259049
K02000001,United Kingdom,overview,2021-05-16,941,80,1926,131318,183745
K02000001,United Kingdom,overview,2021-05-15,966,91,2027,237331,391246
K02000001,United Kingdom,overview,2021-05-14,976,93,2193,220068,393402
K02000001,United Kingdom,overview,2021-05-13,1001,107,2657,209284,428041
K02000001,United Kingdom,overview,2021-05-12,1068,119,2284,184210,452437
K02000001,United Kingdom,overview,2021-05-11,1106,110,2474,135113,350147
K02000001,United Kingdom,overview,2021-05-10,1129,104,2357,115053,231835
K02000001,United Kingdom,overview,2021-05-09,1118,104,1770,100626,187171
K02000001,United Kingdom,overview,2021-05-08,1137,109,2047,169027,438837
K02000001,United Kingdom,overview,2021-05-07,1157,105,2490,133001,465822
K02000001,United Kingdom,overview,2021-05-06,1159,120,2613,135470,473001
K02000001,United Kingdom,overview,2021-05-05,1238,118,2144,139097,404226
K02000001,United Kingdom,overview,2021-05-04,1295,102,1946,127170,257486
K02000001,United Kingdom,overview,2021-05-03,1303,123,1649,72600,127499
K02000001,United Kingdom,overview,2021-05-02,1285,120,1671,89924,172891
K02000001,United Kingdom,overview,2021-05-01,1287,101,1907,143175,372304
K02000001,United Kingdom,overview,2021-04-30,1366,110,2381,145589,421785
K02000001,United Kingdom,overview,2021-04-29,1464,101,2445,122568,491567
K02000001,United Kingdom,overview,2021-04-28,1515,112,2166,134140,462885
K02000001,United Kingdom,overview,2021-04-27,1572,167,2685,116328,379265
K02000001,United Kingdom,overview,2021-04-26,1649,134,2064,90695,304688
K02000001,United Kingdom,overview,2021-04-25,1626,138,1712,79695,260801
K02000001,United Kingdom,overview,2021-04-24,1673,129,2061,148767,547636
K02000001,United Kingdom,overview,2021-04-23,1749,155,2678,135786,465015
K02000001,United Kingdom,overview,2021-04-22,1791,120,2729,130986,431070
K02000001,United Kingdom,overview,2021-04-21,1893,172,2396,117909,416784
K02000001,United Kingdom,overview,2021-04-20,1926,136,2524,107622,350027
K02000001,United Kingdom,overview,2021-04-19,2007,177,2963,99672,273751
K02000001,United Kingdom,overview,2021-04-18,1983,141,1882,83225,221193
K02000001,United Kingdom,overview,2021-04-17,2035,158,2206,139445,499635
K02000001,United Kingdom,overview,2021-04-16,2140,158,2596,135557,499664
K02000001,United Kingdom,overview,2021-04-15,2195,161,2672,129782,417683
K02000001,United Kingdom,overview,2021-04-14,2295,196,2491,117835,343783
K02000001,United Kingdom,overview,2021-04-13,2408,181,2472,76123,312685
K02000001,United Kingdom,overview,2021-04-12,2492,207,3568,59905,201191
K02000001,United Kingdom,overview,2021-04-11,2549,204,1730,69223,189665
K02000001,United Kingdom,overview,2021-04-10,2650,187,2589,111109,475230
K02000001,United Kingdom,overview,2021-04-09,2793,205,3150,106878,450136
K02000001,United Kingdom,overview,2021-04-08,2872,208,3030,96242,449269
K02000001,United Kingdom,overview,2021-04-07,3019,234,2763,99530,408396
K02000001,United Kingdom,overview,2021-04-06,3143,224,2379,85227,186793
K02000001,United Kingdom,overview,2021-04-05,3255,238,2762,40744,64590
K02000001,United Kingdom,overview,2021-04-04,3229,197,2297,48055,47708
K02000001,United Kingdom,overview,2021-04-03,3244,223,3423,107886,178913
K02000001,United Kingdom,overview,2021-04-02,3376,238,3402,107420,246631
K02000001,United Kingdom,overview,2021-04-01,3557,233,4479,170818,445416
K02000001,United Kingdom,overview,2021-03-31,3742,269,4052,239434,387574
K02000001,United Kingdom,overview,2021-03-30,3976,256,4040,225917,277682
K02000001,United Kingdom,overview,2021-03-29,4197,252,4654,236809,168230
K02000001,United Kingdom,overview,2021-03-28,4185,272,3862,293548,147594
K02000001,United Kingdom,overview,2021-03-27,4436,273,4715,424301,238861
K02000001,United Kingdom,overview,2021-03-26,4485,298,6187,411305,283654
K02000001,United Kingdom,overview,2021-03-25,4583,340,6397,324942,234382
K02000001,United Kingdom,overview,2021-03-24,4880,348,5605,337665,242642
K02000001,United Kingdom,overview,2021-03-23,5150,367,5379,325650,169155
K02000001,United Kingdom,overview,2021-03-22,5431,361,5342,329897,82300
K02000001,United Kingdom,overview,2021-03-21,5448,358,5312,367006,52612
K02000001,United Kingdom,overview,2021-03-20,5567,364,5587,752308,91977
K02000001,United Kingdom,overview,2021-03-19,5880,380,4802,614930,125725
K02000001,United Kingdom,overview,2021-03-18,6150,451,6303,528260,132016
K02000001,United Kingdom,overview,2021-03-17,6585,445,5758,462246,119609
K02000001,United Kingdom,overview,2021-03-16,6847,442,5294,433320,95799
K02000001,United Kingdom,overview,2021-03-15,7207,503,5089,386685,53366
K02000001,United Kingdom,overview,2021-03-14,7315,428,4618,257010,25371
K02000001,United Kingdom,overview,2021-03-13,7384,462,5534,512108,52155
K02000001,United Kingdom,overview,2021-03-12,7728,482,6609,369578,87676
K02000001,United Kingdom,overview,2021-03-11,8066,550,6753,260809,93563
K02000001,United Kingdom,overview,2021-03-10,8436,567,5926,243887,97162
K02000001,United Kingdom,overview,2021-03-09,9009,579,5766,217301,72922
K02000001,United Kingdom,overview,2021-03-08,9474,576,4712,215273,38788
K02000001,United Kingdom,overview,2021-03-07,9459,536,5177,164143,20241
K02000001,United Kingdom,overview,2021-03-06,9711,638,6040,416834,31562
K02000001,United Kingdom,overview,2021-03-05,10312,599,5947,437463,56772
K02000001,United Kingdom,overview,2021-03-04,10933,704,6573,376244,70206
K02000001,United Kingdom,overview,2021-03-03,11523,713,6385,278956,68450
K02000001,United Kingdom,overview,2021-03-02,12139,834,6391,224996,51314
K02000001,United Kingdom,overview,2021-03-01,12894,823,5455,203168,28282
K02000001,United Kingdom,overview,2021-02-28,12788,769,6035,185900,19684
K02000001,United Kingdom,overview,2021-02-27,13269,742,7434,407503,27322
K02000001,United Kingdom,overview,2021-02-26,14077,864,8523,504493,32773
K02000001,United Kingdom,overview,2021-02-25,14849,969,9985,485720,35319
K02000001,United Kingdom,overview,2021-02-24,15534,1022,9938,448962,31613
K02000001,United Kingdom,overview,2021-02-23,16115,1121,8489,326692,26317
K02000001,United Kingdom,overview,2021-02-22,16855,1119,10641,192341,18463
K02000001,United Kingdom,overview,2021-02-21,16857,1157,9834,141719,9177
K02000001,United Kingdom,overview,2021-02-20,17042,1092,10406,334679,10263
K02000001,United Kingdom,overview,2021-02-19,17860,1273,12027,371906,15294
K02000001,United Kingdom,overview,2021-02-18,18522,1339,12057,452454,15867
K02000001,United Kingdom,overview,2021-02-17,19449,1412,12718,482110,15147
K02000001,United Kingdom,overview,2021-02-16,20215,1495,10625,364865,12412
K02000001,United Kingdom,overview,2021-02-15,20994,1504,9765,275956,6535
K02000001,United Kingdom,overview,2021-02-14,21054,1535,10972,237962,1915
K02000001,United Kingdom,overview,2021-02-13,20970,1426,13308,505362,2846
K02000001,United Kingdom,overview,2021-02-12,22324,1509,15144,544603,4775
K02000001,United Kingdom,overview,2021-02-11,23411,1680,13494,503116,5647
K02000001,United Kingdom,overview,2021-02-10,24417,1725,13013,450810,4894
K02000001,United Kingdom,overview,2021-02-09,25689,1755,12364,411812,3161
K02000001,United Kingdom,overview,2021-02-08,26744,1921,14104,352480,3811
K02000001,United Kingdom,overview,2021-02-07,26800,1851,15845,278988,862
K02000001,United Kingdom,overview,2021-02-06,26914,1894,18262,549808,1662
K02000001,United Kingdom,overview,2021-02-05,28383,2006,19114,494163,4064
K02000001,United Kingdom,overview,2021-02-04,29413,2142,20634,480560,4036
K02000001,United Kingdom,overview,2021-02-03,30604,2360,19202,469016,2995
K02000001,United Kingdom,overview,2021-02-02,31766,2484,16840,374756,2166
K02000001,United Kingdom,overview,2021-02-01,32960,2602,18607,350348,2587
K02000001,United Kingdom,overview,2021-01-31,32586,2409,21088,319038,3156
K02000001,United Kingdom,overview,2021-01-30,33015,2470,23275,598389,10621
K02000001,United Kingdom,overview,2021-01-29,33847,2687,29079,487756,2178
K02000001,United Kingdom,overview,2021-01-28,34909,3046,28680,414419,1769
K02000001,United Kingdom,overview,2021-01-27,35513,3060,25308,312378,2329
K02000001,United Kingdom,overview,2021-01-26,37101,3151,20089,311060,1710
K02000001,United Kingdom,overview,2021-01-25,37756,2931,22195,279757,1968
K02000001,United Kingdom,overview,2021-01-24,37730,3112,30004,220249,818
K02000001,United Kingdom,overview,2021-01-23,37398,3117,33552,491970,1043
K02000001,United Kingdom,overview,2021-01-22,38257,3393,40261,478248,1821
K02000001,United Kingdom,overview,2021-01-21,38059,3636,37892,409855,2760
K02000001,United Kingdom,overview,2021-01-20,38739,4051,38905,363508,3411
K02000001,United Kingdom,overview,2021-01-19,38846,4161,33355,343163,3759
K02000001,United Kingdom,overview,2021-01-18,39254,4065,37535,204076,4565
K02000001,United Kingdom,overview,2021-01-17,38169,3750,38598,190107,2239
K02000001,United Kingdom,overview,2021-01-16,37715,3941,41346,296131,2620
K02000001,United Kingdom,overview,2021-01-15,38132,3686,55761,341317,4208
K02000001,United Kingdom,overview,2021-01-14,37691,4102,48682,316694,5257
K02000001,United Kingdom,overview,2021-01-13,37487,4224,47525,278943,9745
K02000001,United Kingdom,overview,2021-01-12,36981,4583,45533,207661,16065
K02000001,United Kingdom,overview,2021-01-11,36751,4309,46169,145076,20768
K02000001,United Kingdom,overview,2021-01-10,35391,3937,54940,,
K02000001,United Kingdom,overview,2021-01-09,34032,4128,59937,,
K02000001,United Kingdom,overview,2021-01-08,33778,3999,68053,,
K02000001,United Kingdom,overview,2021-01-07,32583,4295,52618,,
K02000001,United Kingdom,overview,2021-01-06,31946,4392,62322,,
K02000001,United Kingdom,overview,2021-01-05,30686,4118,60916,,
K02000001,United Kingdom,overview,2021-01-04,30775,3936,58784,,
K02000001,United Kingdom,overview,2021-01-03,29033,3649,54990,,
K02000001,United Kingdom,overview,2021-01-02,27561,3441,57725,,
K02000001,United Kingdom,overview,2021-01-01,26389,3368,53285,,
K02000001,United Kingdom,overview,2020-12-31,26578,2921,55892,,
K02000001,United Kingdom,overview,2020-12-30,26551,3292,50023,,
K02000001,United Kingdom,overview,2020-12-29,25549,3252,53135,,
K02000001,United Kingdom,overview,2020-12-28,24049,3134,41385,,
K02000001,United Kingdom,overview,2020-12-27,22764,2871,30501,,
K02000001,United Kingdom,overview,2020-12-26,21730,2530,35691,,
K02000001,United Kingdom,overview,2020-12-25,20918,2181,32725,,
K02000001,United Kingdom,overview,2020-12-24,21577,2082,39877,,
K02000001,United Kingdom,overview,2020-12-23,21222,2279,39237,,
K02000001,United Kingdom,overview,2020-12-22,21488,2481,36804,,
K02000001,United Kingdom,overview,2020-12-21,21133,2370,33364,,
K02000001,United Kingdom,overview,2020-12-20,20004,2170,35928,,
K02000001,United Kingdom,overview,2020-12-19,19463,2045,27052,,
K02000001,United Kingdom,overview,2020-12-18,19117,1921,28507,,
K02000001,United Kingdom,overview,2020-12-17,18970,2144,35383,,
K02000001,United Kingdom,overview,2020-12-16,18671,2082,25161,,
K02000001,United Kingdom,overview,2020-12-15,18216,1958,18450,,
K02000001,United Kingdom,overview,2020-12-14,18246,1956,20263,,
K02000001,United Kingdom,overview,2020-12-13,17538,1754,18447,,
K02000001,United Kingdom,overview,2020-12-12,16909,1799,21502,,
K02000001,United Kingdom,overview,2020-12-11,16885,1688,21672,,
K02000001,United Kingdom,overview,2020-12-10,16723,1754,20964,,
K02000001,United Kingdom,overview,2020-12-09,16331,1757,16578,,
K02000001,United Kingdom,overview,2020-12-08,16477,1783,12282,,
K02000001,United Kingdom,overview,2020-12-07,16415,1662,14718,,
K02000001,United Kingdom,overview,2020-12-06,15960,1471,17272,,
K02000001,United Kingdom,overview,2020-12-05,15688,1378,15539,,
K02000001,United Kingdom,overview,2020-12-04,15727,1432,16298,,
K02000001,United Kingdom,overview,2020-12-03,15658,1502,14879,,
K02000001,United Kingdom,overview,2020-12-02,15977,1486,16170,,
K02000001,United Kingdom,overview,2020-12-01,16312,1492,13430,,
K02000001,United Kingdom,overview,2020-11-30,16565,1406,12330,,
K02000001,United Kingdom,overview,2020-11-29,16313,1389,12155,,
K02000001,United Kingdom,overview,2020-11-28,15985,1220,15871,,
K02000001,United Kingdom,overview,2020-11-27,16571,1280,16022,,
K02000001,United Kingdom,overview,2020-11-26,16762,1426,17555,,
K02000001,United Kingdom,overview,2020-11-25,17132,1614,18213,,
K02000001,United Kingdom,overview,2020-11-24,17424,1499,11299,,
K02000001,United Kingdom,overview,2020-11-23,17680,1588,15450,,
K02000001,United Kingdom,overview,2020-11-22,17264,1492,18662,,
K02000001,United Kingdom,overview,2020-11-21,17063,1461,19875,,
K02000001,United Kingdom,overview,2020-11-20,17184,1551,20252,,
K02000001,United Kingdom,overview,2020-11-19,17459,1687,22915,,
K02000001,United Kingdom,overview,2020-11-18,17486,1786,19609,,
K02000001,United Kingdom,overview,2020-11-17,17439,1718,20051,,
K02000001,United Kingdom,overview,2020-11-16,17313,1771,21363,,
K02000001,United Kingdom,overview,2020-11-15,16864,1675,24962,,
K02000001,United Kingdom,overview,2020-11-14,16299,1617,26860,,
K02000001,United Kingdom,overview,2020-11-13,16236,1651,27301,,
K02000001,United Kingdom,overview,2020-11-12,15879,1916,33470,,
K02000001,United Kingdom,overview,2020-11-11,15666,1972,22950,,
K02000001,United Kingdom,overview,2020-11-10,14964,1856,20412,,
K02000001,United Kingdom,overview,2020-11-09,15141,1768,21350,,
K02000001,United Kingdom,overview,2020-11-08,14546,1692,20572,,
K02000001,United Kingdom,overview,2020-11-07,14314,1560,24957,,
K02000001,United Kingdom,overview,2020-11-06,13958,1418,23287,,
K02000001,United Kingdom,overview,2020-11-05,13796,1591,24141,,
K02000001,United Kingdom,overview,2020-11-04,13817,1688,25177,,
K02000001,United Kingdom,overview,2020-11-03,13749,1526,20018,,
K02000001,United Kingdom,overview,2020-11-02,13105,1574,18950,,
K02000001,United Kingdom,overview,2020-11-01,12230,1498,23254,,
K02000001,United Kingdom,overview,2020-10-31,12310,1461,21915,,
K02000001,United Kingdom,overview,2020-10-30,11788,1385,24405,,
K02000001,United Kingdom,overview,2020-10-29,11583,1592,23065,,
K02000001,United Kingdom,overview,2020-10-28,11434,1494,24701,,
K02000001,United Kingdom,overview,2020-10-27,10938,1499,22885,,
K02000001,United Kingdom,overview,2020-10-26,10108,1541,20890,,
K02000001,United Kingdom,overview,2020-10-25,9786,1424,19790,,
K02000001,United Kingdom,overview,2020-10-24,9262,1262,23012,,
K02000001,United Kingdom,overview,2020-10-23,8886,1299,20530,,
K02000001,United Kingdom,overview,2020-10-22,8311,1285,21242,,
K02000001,United Kingdom,overview,2020-10-21,8132,1264,26688,,
K02000001,United Kingdom,overview,2020-10-20,7852,1193,21331,,
K02000001,United Kingdom,overview,2020-10-19,7334,1108,18804,,
K02000001,United Kingdom,overview,2020-10-18,6829,1091,16982,,
K02000001,United Kingdom,overview,2020-10-17,6545,1032,16171,,
K02000001,United Kingdom,overview,2020-10-16,6296,925,15650,,
K02000001,United Kingdom,overview,2020-10-15,5933,1047,18980,,
K02000001,United Kingdom,overview,2020-10-14,5598,988,19724,,
K02000001,United Kingdom,overview,2020-10-13,5293,1031,17234,,
K02000001,United Kingdom,overview,2020-10-12,4959,889,13972,,
K02000001,United Kingdom,overview,2020-10-11,4670,824,12872,,
K02000001,United Kingdom,overview,2020-10-10,4358,724,15166,,
K02000001,United Kingdom,overview,2020-10-09,4170,708,13864,,
K02000001,United Kingdom,overview,2020-10-08,4085,714,17540,,
K02000001,United Kingdom,overview,2020-10-07,3893,694,14162,,
K02000001,United Kingdom,overview,2020-10-06,3642,724,14542,,
K02000001,United Kingdom,overview,2020-10-05,3370,630,12594,,
K02000001,United Kingdom,overview,2020-10-04,3056,632,22961,,
K02000001,United Kingdom,overview,2020-10-03,2867,533,12872,,
K02000001,United Kingdom,overview,2020-10-02,2723,529,6968,,
K02000001,United Kingdom,overview,2020-10-01,2592,529,6914,,
K02000001,United Kingdom,overview,2020-09-30,2530,452,7108,,
K02000001,United Kingdom,overview,2020-09-29,2420,442,7143,,
K02000001,United Kingdom,overview,2020-09-28,2399,445,4044,,
K02000001,United Kingdom,overview,2020-09-27,2188,343,5693,,
K02000001,United Kingdom,overview,2020-09-26,2033,352,6042,,
K02000001,United Kingdom,overview,2020-09-25,2020,382,6874,,
K02000001,United Kingdom,overview,2020-09-24,1846,425,6634,,
K02000001,United Kingdom,overview,2020-09-23,1730,424,6178,,
K02000001,United Kingdom,overview,2020-09-22,1636,352,4926,,
K02000001,United Kingdom,overview,2020-09-21,1558,372,4368,,
K02000001,United Kingdom,overview,2020-09-20,1398,289,3899,,
K02000001,United Kingdom,overview,2020-09-19,1300,261,4422,,
K02000001,United Kingdom,overview,2020-09-18,1221,263,4322,,
K02000001,United Kingdom,overview,2020-09-17,1162,265,3395,,
K02000001,United Kingdom,overview,2020-09-16,1106,285,3991,,
K02000001,United Kingdom,overview,2020-09-15,1066,271,3105,,
K02000001,United Kingdom,overview,2020-09-14,982,258,2621,,
K02000001,United Kingdom,overview,2020-09-13,843,226,3330,,
K02000001,United Kingdom,overview,2020-09-12,812,218,3497,,
K02000001,United Kingdom,overview,2020-09-11,770,230,3539,,
K02000001,United Kingdom,overview,2020-09-10,944,219,2919,,
K02000001,United Kingdom,overview,2020-09-09,924,203,2659,,
K02000001,United Kingdom,overview,2020-09-08,894,186,2460,,
K02000001,United Kingdom,overview,2020-09-07,902,146,2948,,
K02000001,United Kingdom,overview,2020-09-06,817,139,2988,,
K02000001,United Kingdom,overview,2020-09-05,812,130,1813,,
K02000001,United Kingdom,overview,2020-09-04,818,155,1940,,
K02000001,United Kingdom,overview,2020-09-03,817,146,1735,,
K02000001,United Kingdom,overview,2020-09-02,803,147,1508,,
K02000001,United Kingdom,overview,2020-09-01,861,134,1295,,
K02000001,United Kingdom,overview,2020-08-31,854,91,1406,,
K02000001,United Kingdom,overview,2020-08-30,831,78,1715,,
K02000001,United Kingdom,overview,2020-08-29,833,110,1108,,
K02000001,United Kingdom,overview,2020-08-28,818,137,1276,,
K02000001,United Kingdom,overview,2020-08-27,840,152,1522,,
K02000001,United Kingdom,overview,2020-08-26,829,132,1048,,
K02000001,United Kingdom,overview,2020-08-25,844,122,1184,,
K02000001,United Kingdom,overview,2020-08-24,876,93,853,,
K02000001,United Kingdom,overview,2020-08-23,870,74,1160,,
K02000001,United Kingdom,overview,2020-08-22,943,72,1288,,
K02000001,United Kingdom,overview,2020-08-21,888,109,1033,,
K02000001,United Kingdom,overview,2020-08-20,909,98,1182,,
K02000001,United Kingdom,overview,2020-08-19,924,117,812,,
K02000001,United Kingdom,overview,2020-08-18,953,131,1089,,
K02000001,United Kingdom,overview,2020-08-17,982,98,713,,
K02000001,United Kingdom,overview,2020-08-16,979,80,1040,,
K02000001,United Kingdom,overview,2020-08-15,974,99,1077,,
K02000001,United Kingdom,overview,2020-08-14,995,103,1441,,
K02000001,United Kingdom,overview,2020-08-13,1008,130,1129,,
K02000001,United Kingdom,overview,2020-08-12,1004,101,1009,,
K02000001,United Kingdom,overview,2020-08-11,1039,114,1148,,
K02000001,United Kingdom,overview,2020-08-10,1087,88,740,,
K02000001,United Kingdom,overview,2020-08-09,983,107,1062,,
K02000001,United Kingdom,overview,2020-08-08,1027,141,758,,
K02000001,United Kingdom,overview,2020-08-07,1094,116,871,,
K02000001,United Kingdom,overview,2020-08-06,1155,102,950,,
K02000001,United Kingdom,overview,2020-08-05,1200,140,892,,
K02000001,United Kingdom,overview,2020-08-04,1216,128,670,,
K02000001,United Kingdom,overview,2020-08-03,1251,110,898,,
K02000001,United Kingdom,overview,2020-08-02,1254,95,744,,
K02000001,United Kingdom,overview,2020-08-01,1290,127,761,,
K02000001,United Kingdom,overview,2020-07-31,1266,115,880,,
K02000001,United Kingdom,overview,2020-07-30,1314,132,846,,
K02000001,United Kingdom,overview,2020-07-29,1350,133,763,,
K02000001,United Kingdom,overview,2020-07-28,1369,119,581,,
K02000001,United Kingdom,overview,2020-07-27,1370,130,685,,
K02000001,United Kingdom,overview,2020-07-26,1383,109,745,,
K02000001,United Kingdom,overview,2020-07-25,1401,119,767,,
K02000001,United Kingdom,overview,2020-07-24,1453,158,768,,
K02000001,United Kingdom,overview,2020-07-23,1538,200,769,,
K02000001,United Kingdom,overview,2020-07-22,1747,158,560,,
K02000001,United Kingdom,overview,2020-07-21,1634,127,445,,
K02000001,United Kingdom,overview,2020-07-20,1734,131,557,,
K02000001,United Kingdom,overview,2020-07-19,1742,126,726,,
K02000001,United Kingdom,overview,2020-07-18,1776,105,827,,
K02000001,United Kingdom,overview,2020-07-17,1804,144,687,,
K02000001,United Kingdom,overview,2020-07-16,1829,167,642,,
K02000001,United Kingdom,overview,2020-07-15,1974,166,538,,
K02000001,United Kingdom,overview,2020-07-14,1993,187,398,,
K02000001,United Kingdom,overview,2020-07-13,2113,189,530,,
K02000001,United Kingdom,overview,2020-07-12,2101,114,650,,
K02000001,United Kingdom,overview,2020-07-11,2119,177,820,,
K02000001,United Kingdom,overview,2020-07-10,2244,175,512,,
K02000001,United Kingdom,overview,2020-07-09,2345,215,642,,
K02000001,United Kingdom,overview,2020-07-08,2454,208,630,,
K02000001,United Kingdom,overview,2020-07-07,2598,215,581,,
K02000001,United Kingdom,overview,2020-07-06,2699,205,343,,
K02000001,United Kingdom,overview,2020-07-05,2741,196,516,,
K02000001,United Kingdom,overview,2020-07-04,2802,203,624,,
K02000001,United Kingdom,overview,2020-07-03,2942,214,544,,
K02000001,United Kingdom,overview,2020-07-02,3079,217,576,,
K02000001,United Kingdom,overview,2020-07-01,3198,269,829,,
K02000001,United Kingdom,overview,2020-06-30,3383,296,689,,
K02000001,United Kingdom,overview,2020-06-29,3748,221,815,,
K02000001,United Kingdom,overview,2020-06-28,3557,208,901,,
K02000001,United Kingdom,overview,2020-06-27,3544,287,890,,
K02000001,United Kingdom,overview,2020-06-26,3620,339,1006,,
K02000001,United Kingdom,overview,2020-06-25,3850,325,1118,,
K02000001,United Kingdom,overview,2020-06-24,4030,369,653,,
K02000001,United Kingdom,overview,2020-06-23,4134,363,874,,
K02000001,United Kingdom,overview,2020-06-22,4281,395,958,,
K02000001,United Kingdom,overview,2020-06-21,4222,288,1221,,
K02000001,United Kingdom,overview,2020-06-20,4252,257,1295,,
K02000001,United Kingdom,overview,2020-06-19,4414,336,1346,,
K02000001,United Kingdom,overview,2020-06-18,4560,405,1218,,
K02000001,United Kingdom,overview,2020-06-17,4719,433,1115,,
K02000001,United Kingdom,overview,2020-06-16,4863,456,1279,,
K02000001,United Kingdom,overview,2020-06-15,4870,440,1056,,
K02000001,United Kingdom,overview,2020-06-14,4908,364,1514,,
K02000001,United Kingdom,overview,2020-06-13,4941,386,1425,,
K02000001,United Kingdom,overview,2020-06-12,5090,394,1541,,
K02000001,United Kingdom,overview,2020-06-11,5179,446,1266,,
K02000001,United Kingdom,overview,2020-06-10,5475,512,1003,,
K02000001,United Kingdom,overview,2020-06-09,5736,494,1387,,
K02000001,United Kingdom,overview,2020-06-08,5931,412,1205,,
K02000001,United Kingdom,overview,2020-06-07,5944,408,1326,,
K02000001,United Kingdom,overview,2020-06-06,6149,407,1557,,
K02000001,United Kingdom,overview,2020-06-05,6379,475,1650,,
K02000001,United Kingdom,overview,2020-06-04,6580,566,1805,,
K02000001,United Kingdom,overview,2020-06-03,6815,634,1871,,
K02000001,United Kingdom,overview,2020-06-02,7087,668,1613,,
K02000001,United Kingdom,overview,2020-06-01,7248,604,1570,,
K02000001,United Kingdom,overview,2020-05-31,7238,529,1936,,
K02000001,United Kingdom,overview,2020-05-30,7268,568,2445,,
K02000001,United Kingdom,overview,2020-05-29,7586,615,2095,,
K02000001,United Kingdom,overview,2020-05-28,7907,703,1887,,
K02000001,United Kingdom,overview,2020-05-27,8220,712,2013,,
K02000001,United Kingdom,overview,2020-05-26,8732,698,2004,,
K02000001,United Kingdom,overview,2020-05-25,8836,602,1625,,
K02000001,United Kingdom,overview,2020-05-24,8814,587,2409,,
K02000001,United Kingdom,overview,2020-05-23,8814,643,2959,,
K02000001,United Kingdom,overview,2020-05-22,9184,740,3287,,
K02000001,United Kingdom,overview,2020-05-21,9293,841,2615,,
K02000001,United Kingdom,overview,2020-05-20,9563,851,2472,,
K02000001,United Kingdom,overview,2020-05-19,10013,881,2412,,
K02000001,United Kingdom,overview,2020-05-18,10231,850,2684,,
K02000001,United Kingdom,overview,2020-05-17,10199,793,3562,,
K02000001,United Kingdom,overview,2020-05-16,10238,813,3451,,
K02000001,United Kingdom,overview,2020-05-15,10691,871,3560,,
K02000001,United Kingdom,overview,2020-05-14,10921,909,3446,,
K02000001,United Kingdom,overview,2020-05-13,11342,966,3242,,
K02000001,United Kingdom,overview,2020-05-12,11591,983,3403,,
K02000001,United Kingdom,overview,2020-05-11,11967,1029,3877,,
K02000001,United Kingdom,overview,2020-05-10,11727,916,3923,,
K02000001,United Kingdom,overview,2020-05-09,12015,944,3896,,
K02000001,United Kingdom,overview,2020-05-08,12053,910,4649,,
K02000001,United Kingdom,overview,2020-05-07,12626,1166,5614,,
K02000001,United Kingdom,overview,2020-05-06,13148,1206,6111,,
K02000001,United Kingdom,overview,2020-05-05,13723,1146,4406,,
K02000001,United Kingdom,overview,2020-05-04,14097,1249,3985,,
K02000001,United Kingdom,overview,2020-05-03,14188,1188,4339,,
K02000001,United Kingdom,overview,2020-05-02,14380,1181,4806,,
K02000001,United Kingdom,overview,2020-05-01,14723,1263,6201,,
K02000001,United Kingdom,overview,2020-04-30,15164,1442,6032,,
K02000001,United Kingdom,overview,2020-04-29,15521,1488,4076,,
K02000001,United Kingdom,overview,2020-04-28,15877,1518,3996,,
K02000001,United Kingdom,overview,2020-04-27,16662,1538,4310,,
K02000001,United Kingdom,overview,2020-04-26,16555,1355,4463,,
K02000001,United Kingdom,overview,2020-04-25,16604,1253,4913,,
K02000001,United Kingdom,overview,2020-04-24,17063,1525,5386,,
K02000001,United Kingdom,overview,2020-04-23,17867,1514,4583,,
K02000001,United Kingdom,overview,2020-04-22,18533,1529,4451,,
K02000001,United Kingdom,overview,2020-04-21,19139,1712,4301,,
K02000001,United Kingdom,overview,2020-04-20,19331,1734,4676,,
K02000001,United Kingdom,overview,2020-04-19,19574,1657,5850,,
K02000001,United Kingdom,overview,2020-04-18,19456,1629,5526,,
K02000001,United Kingdom,overview,2020-04-17,19330,1967,5599,,
K02000001,United Kingdom,overview,2020-04-16,20389,2011,4618,,
K02000001,United Kingdom,overview,2020-04-15,20582,1880,4605,,
K02000001,United Kingdom,overview,2020-04-14,21281,2088,5252,,
K02000001,United Kingdom,overview,2020-04-13,21308,2162,4342,,
K02000001,United Kingdom,overview,2020-04-12,21687,2066,5288,,
K02000001,United Kingdom,overview,2020-04-11,21254,2163,5234,,
K02000001,United Kingdom,overview,2020-04-10,21280,2463,5706,,
K02000001,United Kingdom,overview,2020-04-09,21005,2629,4675,,
K02000001,United Kingdom,overview,2020-04-08,20740,2967,5865,,
K02000001,United Kingdom,overview,2020-04-07,20234,3150,3888,,
K02000001,United Kingdom,overview,2020-04-06,19493,3046,4143,,
K02000001,United Kingdom,overview,2020-04-05,18855,2916,6199,,
K02000001,United Kingdom,overview,2020-04-04,17502,2922,4000,,
K02000001,United Kingdom,overview,2020-04-03,15546,2930,4672,,
K02000001,United Kingdom,overview,2020-04-02,13875,3286,4522,,
K02000001,United Kingdom,overview,2020-04-01,13637,3567,4567,,
K02000001,United Kingdom,overview,2020-03-31,12597,2832,3250,,
K02000001,United Kingdom,overview,2020-03-30,11093,3192,2665,,
K02000001,United Kingdom,overview,2020-03-29,9525,2489,2502,,
K02000001,United Kingdom,overview,2020-03-28,8278,2192,2556,,
K02000001,United Kingdom,overview,2020-03-27,7267,2229,2890,,
K02000001,United Kingdom,overview,2020-03-26,,1929,2129,,
K02000001,United Kingdom,overview,2020-03-25,,2085,1452,,
K02000001,United Kingdom,overview,2020-03-24,,1718,1427,,
K02000001,United Kingdom,overview,2020-03-23,,1274,967,,
K02000001,United Kingdom,overview,2020-03-22,,,665,,
K02000001,United Kingdom,overview,2020-03-21,,,1035,,
K02000001,United Kingdom,overview,2020-03-20,,,714,,
K02000001,United Kingdom,overview,2020-03-19,,,643,,
K02000001,United Kingdom,overview,2020-03-18,,,676,,
K02000001,United Kingdom,overview,2020-03-17,,,407,,
K02000001,United Kingdom,overview,2020-03-16,,,152,,
K02000001,United Kingdom,overview,2020-03-15,,,330,,
K02000001,United Kingdom,overview,2020-03-14,,,264,,
K02000001,United Kingdom,overview,2020-03-13,,,207,,
K02000001,United Kingdom,overview,2020-03-12,,,134,,
K02000001,United Kingdom,overview,2020-03-11,,,83,,
K02000001,United Kingdom,overview,2020-03-10,,,52,,
K02000001,United Kingdom,overview,2020-03-09,,,50,,
K02000001,United Kingdom,overview,2020-03-08,,,65,,
K02000001,United Kingdom,overview,2020-03-07,,,46,,
K02000001,United Kingdom,overview,2020-03-06,,,46,,
K02000001,United Kingdom,overview,2020-03-05,,,29,,
K02000001,United Kingdom,overview,2020-03-04,,,34,,
K02000001,United Kingdom,overview,2020-03-03,,,11,,
K02000001,United Kingdom,overview,2020-03-02,,,5,,
K02000001,United Kingdom,overview,2020-03-01,,,12,,
K02000001,United Kingdom,overview,2020-02-29,,,4,,
K02000001,United Kingdom,overview,2020-02-28,,,6,,
K02000001,United Kingdom,overview,2020-02-27,,,0,,
K02000001,United Kingdom,overview,2020-02-26,,,0,,
K02000001,United Kingdom,overview,2020-02-25,,,0,,
K02000001,United Kingdom,overview,2020-02-24,,,4,,
K02000001,United Kingdom,overview,2020-02-23,,,0,,
K02000001,United Kingdom,overview,2020-02-22,,,0,,
K02000001,United Kingdom,overview,2020-02-21,,,0,,
K02000001,United Kingdom,overview,2020-02-20,,,0,,
K02000001,United Kingdom,overview,2020-02-19,,,0,,
K02000001,United Kingdom,overview,2020-02-18,,,0,,
K02000001,United Kingdom,overview,2020-02-17,,,0,,
K02000001,United Kingdom,overview,2020-02-16,,,0,,
K02000001,United Kingdom,overview,2020-02-15,,,0,,
K02000001,United Kingdom,overview,2020-02-14,,,0,,
K02000001,United Kingdom,overview,2020-02-13,,,1,,
K02000001,United Kingdom,overview,2020-02-12,,,0,,
K02000001,United Kingdom,overview,2020-02-11,,,0,,
K02000001,United Kingdom,overview,2020-02-10,,,4,,
K02000001,United Kingdom,overview,2020-02-09,,,1,,
K02000001,United Kingdom,overview,2020-02-08,,,0,,
K02000001,United Kingdom,overview,2020-02-07,,,0,,
K02000001,United Kingdom,overview,2020-02-06,,,1,,
K02000001,United Kingdom,overview,2020-02-05,,,0,,
K02000001,United Kingdom,overview,2020-02-04,,,0,,
K02000001,United Kingdom,overview,2020-02-03,,,0,,
K02000001,United Kingdom,overview,2020-02-02,,,0,,
K02000001,United Kingdom,overview,2020-02-01,,,0,,
K02000001,United Kingdom,overview,2020-01-31,,,2,,
